INSERT INTO tb_cliente (id,cpf,nome,username,password) VALUES (1,'45476745410','João','joao','$2a$10$USw7xTDZDmCbgGY6MRoEiejqXl0HnfEZ56ndgEtf4PeafQ9i2mSrC');
INSERT INTO tb_cliente (id,cpf,nome,username,password) VALUES (2,'47434907811','Laura','laura','$2a$10$USw7xTDZDmCbgGY6MRoEiejqXl0HnfEZ56ndgEtf4PeafQ9i2mSrC');
INSERT INTO tb_cliente (id,cpf,nome,username,password) VALUES (3,'31012906701','Claudio','claudio','$2a$10$USw7xTDZDmCbgGY6MRoEiejqXl0HnfEZ56ndgEtf4PeafQ9i2mSrC');
INSERT INTO tb_cliente (id,cpf,nome,username,password) VALUES (4,'31354311155','Julia','julia','$2a$10$USw7xTDZDmCbgGY6MRoEiejqXl0HnfEZ56ndgEtf4PeafQ9i2mSrC');

INSERT INTO tb_produto (id,sku,nome) VALUES (1,'112-414-31','Ração Para Gato');
INSERT INTO tb_produto (id,sku,nome) VALUES (2,'532-603-17','Caneca');
INSERT INTO tb_produto (id,sku,nome) VALUES (3,'131-979-09','Fone De Ouvido');
INSERT INTO tb_produto (id,sku,nome) VALUES (4,'778-323-44','Capinha Para Celular');
INSERT INTO tb_produto (id,sku,nome) VALUES (5,'409-521-90','Toalha De Banho');
INSERT INTO tb_produto (id,sku,nome) VALUES (6,'608-101-25','Livro - Jogo Vorazes');

INSERT INTO tb_carrinho (id,datahora,total,id_cliente) VALUES (1,'2023-05-01 10:35:00',74,3);
INSERT INTO tb_carrinho (id,datahora,total,id_cliente) VALUES (2,'2023-10-02 16:02:00',216,2);
INSERT INTO tb_carrinho (id,datahora,total,id_cliente) VALUES (3,'2023-02-19 08:43:00',273,1);
INSERT INTO tb_carrinho (id,datahora,total,id_cliente) VALUES (4,'2023-02-26 12:27:00',71,4);
INSERT INTO tb_carrinho (id,datahora,total,id_cliente) VALUES (5,'2023-02-26 22:00:00',180,1);
INSERT INTO tb_carrinho (id,datahora,total,id_cliente) VALUES (6,'2023-03-03 19:31:00',75,3);
INSERT INTO tb_carrinho (id,datahora,total,id_cliente) VALUES (7,'2023-03-08 11:59:00',171,4);
INSERT INTO tb_carrinho (id,datahora,total,id_cliente) VALUES (8,'2023-03-22 14:30:00',181,2);

INSERT INTO tb_endereco (id,cep,logradouro,numero,bairro,cidade,uf,id_cliente) VALUES (1,'13145412','Rua Jacintho Rogato','130','Dona Edith Campos Fávero','Paulínia','SP',3);
INSERT INTO tb_endereco (id,cep,logradouro,numero,bairro,cidade,uf,id_cliente) VALUES (2,'13180410','Rua São Felipe','200','Parque General Osório','Sumaré','SP',3);
INSERT INTO tb_endereco (id,cep,logradouro,numero,bairro,cidade,uf,id_cliente) VALUES (3,'20021000','Avenida Alfred Agache','1312','Centro','Rio de Janeiro','RJ',2);
INSERT INTO tb_endereco (id,cep,logradouro,numero,bairro,cidade,uf,id_cliente) VALUES (4,'20230024','Rua Washington Luís','1001','Centro','Rio de Janeiro','RJ',2);
INSERT INTO tb_endereco (id,cep,logradouro,numero,bairro,cidade,uf,id_cliente) VALUES (5,'86010190','Avenida Duque de Caxias','1789','Jardim Londrilar','Londrina','PR',1);
INSERT INTO tb_endereco (id,cep,logradouro,numero,bairro,cidade,uf,id_cliente) VALUES (6,'86701000','Avenida Arapongas','1670','Centro','Arapongas','PR',1);
INSERT INTO tb_endereco (id,cep,logradouro,numero,bairro,cidade,uf,id_cliente) VALUES (7,'03017000','Rua Bresser','901','Brás','São Paulo','SP',4);
INSERT INTO tb_endereco (id,cep,logradouro,numero,bairro,cidade,uf,id_cliente) VALUES (8,'01511000','Rua Conselheiro Furtado','207','Liberdade','São Paulo','SP',4);

INSERT INTO tb_preco (id,valor,id_produto,id_cliente) VALUES (1,50,1,1);
INSERT INTO tb_preco (id,valor,id_produto,id_cliente) VALUES (2,10.50,2,1);
INSERT INTO tb_preco (id,valor,id_produto,id_cliente) VALUES (3,60,3,1);
INSERT INTO tb_preco (id,valor,id_produto,id_cliente) VALUES (4,33.50,4,1);
INSERT INTO tb_preco (id,valor,id_produto,id_cliente) VALUES (5,110.50,5,1);
INSERT INTO tb_preco (id,valor,id_produto,id_cliente) VALUES (6,40,6,1);
INSERT INTO tb_preco (id,valor,id_produto,id_cliente) VALUES (7,55.50,1,2);
INSERT INTO tb_preco (id,valor,id_produto,id_cliente) VALUES (8,11.50,2,2);
INSERT INTO tb_preco (id,valor,id_produto,id_cliente) VALUES (9,55,3,2);
INSERT INTO tb_preco (id,valor,id_produto,id_cliente) VALUES (10,35,4,2);
INSERT INTO tb_preco (id,valor,id_produto,id_cliente) VALUES (11,105.50,5,2);
INSERT INTO tb_preco (id,valor,id_produto,id_cliente) VALUES (12,42,6,2);
INSERT INTO tb_preco (id,valor,id_produto,id_cliente) VALUES (13,44,1,3);
INSERT INTO tb_preco (id,valor,id_produto,id_cliente) VALUES (14,15,2,3);
INSERT INTO tb_preco (id,valor,id_produto,id_cliente) VALUES (15,58,3,3);
INSERT INTO tb_preco (id,valor,id_produto,id_cliente) VALUES (16,36.50,4,3);
INSERT INTO tb_preco (id,valor,id_produto,id_cliente) VALUES (17,100,5,3);
INSERT INTO tb_preco (id,valor,id_produto,id_cliente) VALUES (18,45,6,3);
INSERT INTO tb_preco (id,valor,id_produto,id_cliente) VALUES (19,49.50,1,4);
INSERT INTO tb_preco (id,valor,id_produto,id_cliente) VALUES (20,11,2,4);
INSERT INTO tb_preco (id,valor,id_produto,id_cliente) VALUES (21,62,3,4);
INSERT INTO tb_preco (id,valor,id_produto,id_cliente) VALUES (22,28,4,4);
INSERT INTO tb_preco (id,valor,id_produto,id_cliente) VALUES (23,120,5,4);
INSERT INTO tb_preco (id,valor,id_produto,id_cliente) VALUES (24,30,6,4);

INSERT INTO tb_item (id,quantidade,total,id_produto,id_preco,id_carrinho) VALUES (1,2,30,2,14,1);
INSERT INTO tb_item (id,quantidade,total,id_produto,id_preco,id_carrinho) VALUES (2,1,44,3,13,1);
INSERT INTO tb_item (id,quantidade,total,id_produto,id_preco,id_carrinho) VALUES (3,2,111,1,7,2);
INSERT INTO tb_item (id,quantidade,total,id_produto,id_preco,id_carrinho) VALUES (4,1,105.50,5,11,2);
INSERT INTO tb_item (id,quantidade,total,id_produto,id_preco,id_carrinho) VALUES (5,2,221,5,5,3);
INSERT INTO tb_item (id,quantidade,total,id_produto,id_preco,id_carrinho) VALUES (6,5,52.50,2,2,3);
INSERT INTO tb_item (id,quantidade,total,id_produto,id_preco,id_carrinho) VALUES (7,1,11,2,20,4);
INSERT INTO tb_item (id,quantidade,total,id_produto,id_preco,id_carrinho) VALUES (8,2,60,6,24,4);
INSERT INTO tb_item (id,quantidade,total,id_produto,id_preco,id_carrinho) VALUES (9,2,100,1,1,5);
INSERT INTO tb_item (id,quantidade,total,id_produto,id_preco,id_carrinho) VALUES (10,2,80,6,6,5);
INSERT INTO tb_item (id,quantidade,total,id_produto,id_preco,id_carrinho) VALUES (11,1,45,6,18,6);
INSERT INTO tb_item (id,quantidade,total,id_produto,id_preco,id_carrinho) VALUES (12,2,30,2,14,6);
INSERT INTO tb_item (id,quantidade,total,id_produto,id_preco,id_carrinho) VALUES (13,1,49.50,1,19,7);
INSERT INTO tb_item (id,quantidade,total,id_produto,id_preco,id_carrinho) VALUES (14,2,122,3,21,7);
INSERT INTO tb_item (id,quantidade,total,id_produto,id_preco,id_carrinho) VALUES (15,2,111,1,7,8);
INSERT INTO tb_item (id,quantidade,total,id_produto,id_preco,id_carrinho) VALUES (16,2,70,4,10,8);